City, State, Region
United States, US, US
Abilene, TX, South
Akron, OH, Midwest
Albany, GA, South
Albany-Lebanon, OR, West
Albany-Schenectady-Troy, NY, Northeast
Albuquerque, NM, West
Alexandria, LA, South
Allentown-Bethlehem-Easton, PA, Northeast
Altoona, PA, Northeast
Amarillo, TX, South
Ames, IA, Midwest
Anchorage, AK, West
Ann Arbor, MI, Midwest
Anniston-Oxford, AL, South
Appleton, WI, Midwest
Asheville, NC, South
Athens-Clarke County, GA, South
Atlanta-Sandy Springs-Alpharetta, GA, South
Atlantic City-Hammonton, NJ, Northeast
Auburn-Opelika, AL, South
Augusta-Richmond County, GA, South
Austin-Round Rock-Georgetown, TX, South
Bakersfield, CA, West
Baltimore-Columbia-Towson, MD, South
Bangor, ME, Northeast
Barnstable Town, MA, Northeast
Baton Rouge, LA, South
Battle Creek, MI, Midwest
Bay City, MI, Midwest
Beaumont-Port Arthur, TX, South
Beckley, WV, South
Bellingham, WA, West
Bend, OR, West
Billings, MT, West
Binghamton, NY, Northeast
Birmingham-Hoover, AL, South
Bismarck, ND, Midwest
Blacksburg-Christiansburg, VA, South
Bloomington, IL, Midwest
Bloomington, IN, Midwest
Bloomsburg-Berwick, PA, Northeast
Boise City, ID, West
Boston-Cambridge-Newton, MA, Northeast
Boulder, CO, West
Bowling Green, KY, South
Bremerton-Silverdale-Port Orchard, WA, West
Bridgeport-Stamford-Norwalk, CT, Northeast
Brownsville-Harlingen, TX, South
Brunswick, GA, South
Buffalo-Cheektowaga, NY, Northeast
Burlington, NC, South
Burlington-South Burlington, VT, Northeast
California-Lexington Park, MD, South
Canton-Massillon, OH, Midwest
Cape Coral-Fort Myers, FL, South
Cape Girardeau, MO, Midwest
Carbondale-Marion, IL, Midwest
Carson City, NV, West
Casper, WY, West
Cedar Rapids, IA, Midwest
Chambersburg-Waynesboro, PA, Northeast
Champaign-Urbana, IL, Midwest
Charleston, WV, South
Charleston-North Charleston, SC, South
Charlotte-Concord-Gastonia, NC, South
Charlottesville, VA, South
Chattanooga, TN, South
Cheyenne, WY, West
Chicago-Naperville-Elgin, IL, Midwest
Chico, CA, West
Cincinnati, OH, Midwest
Clarksville, TN, South
Cleveland, TN, South
Cleveland-Elyria, OH, Midwest
Alene, ID, West
College Station-Bryan, TX, South
Colorado Springs, CO, West
Columbia, MO, Midwest
Columbia, SC, South
Columbus, GA, South
Columbus, IN, Midwest
Columbus, OH, Midwest
Corpus Christi, TX, South
Corvallis, OR, West
Crestview-Fort Walton Beach-Destin, FL, South
Cumberland, MD, South
Dallas-Fort Worth-Arlington, TX, South
Dalton, GA, South
Danville, IL, Midwest
Daphne-Fairhope-Foley, AL, South
Davenport-Moline-Rock Island, IA, Midwest
Dayton-Kettering, OH, Midwest
Decatur, AL, South
Decatur, IL, Midwest
Deltona-Daytona Beach-Ormond Beach, FL, South
Denver-Aurora-Lakewood, CO, West
Des Moines-West Des Moines, IA, Midwest
Detroit-Warren-Dearborn, MI, Midwest
Dothan, AL, South
Dover, DE, South
Dubuque, IA, Midwest
Duluth, MN, Midwest
Durham-Chapel Hill, NC, South
East Stroudsburg, PA, Northeast
Eau Claire, WI, Midwest
El Centro, CA, West
Elizabethtown-Fort Knox, KY, South
Elkhart-Goshen, IN, Midwest
Elmira, NY, Northeast
El Paso, TX, South
Enid, OK, South
Erie, PA, Northeast
Eugene-Springfield, OR, West
Evansville, IN, Midwest
Fairbanks, AK, West
Fargo, ND, Midwest
Farmington, NM, West
Fayetteville, NC, South
Fayetteville-Springdale-Rogers, AR, South
Flagstaff, AZ, West
Flint, MI, Midwest
Florence, SC, South
Florence-Muscle Shoals, AL, South
Fond du Lac, WI, Midwest
Fort Collins, CO, West
Fort Smith, AR, South
Fort Wayne, IN, Midwest
Fresno, CA, West
Gadsden, AL, South
Gainesville, FL, South
Gainesville, GA, South
Gettysburg, PA, Northeast
Glens Falls, NY, Northeast
Goldsboro, NC, South
Grand Forks, ND, Midwest
Grand Island, NE, Midwest
Grand Junction, CO, West
Grand Rapids-Kentwood, MI, Midwest
Grants Pass, OR, West
Great Falls, MT, West
Greeley, CO, West
Green Bay, WI, Midwest
Greensboro-High Point, NC, South
Greenville, NC, South
Greenville-Anderson, SC, South
Gulfport-Biloxi, MS, South
Hagerstown-Martinsburg, MD, South
Hammond, LA, South
Hanford-Corcoran, CA, West
Harrisburg-Carlisle, PA, Northeast
Harrisonburg, VA, South
Hartford-East Hartford-Middletown, CT, Northeast
Hattiesburg, MS, South
Hickory-Lenoir-Morganton, NC, South
Hilton Head Island-Bluffton, SC, South
Hinesville, GA, South
Homosassa Springs, FL, South
Hot Springs, AR, South
Houma-Thibodaux, LA, South
Houston-The Woodlands-Sugar Land, TX, South
Huntington-Ashland, WV, South
Huntsville, AL, South
Idaho Falls, ID, West
Indianapolis-Carmel-Anderson, IN, Midwest
Iowa City, IA, Midwest
Ithaca, NY, Northeast
Jackson, MI, Midwest
Jackson, MS, South
Jackson, TN, South
Jacksonville, FL, South
Jacksonville, NC, South
Janesville-Beloit, WI, Midwest
Jefferson City, MO, Midwest
Johnson City, TN, South
Johnstown, PA, Northeast
Jonesboro, AR, South
Joplin, MO, Midwest
Kahului-Wailuku-Lahaina, HI, West
Kalamazoo-Portage, MI, Midwest
Kankakee, IL, Midwest
Kansas City, MO, Midwest
Kennewick-Richland, WA, West
Killeen-Temple, TX, South
Kingsport-Bristol, TN, South
Kingston, NY, Northeast
Knoxville, TN, South
Kokomo, IN, Midwest
La Crosse-Onalaska, WI, Midwest
Lafayette, LA, South
Lafayette-West Lafayette, IN, Midwest
Lake Charles, LA, South
Lake Havasu City-Kingman, AZ, West
Lakeland-Winter Haven, FL, South
Lancaster, PA, Northeast
Lansing-East Lansing, MI, Midwest
Laredo, TX, South
Las Cruces, NM, West
Las Vegas-Henderson-Paradise, NV, West
Lawrence, KS, Midwest
Lawton, OK, South
Lebanon, PA, Northeast
Lewiston, ID, West
Lewiston-Auburn, ME, Northeast
Lexington-Fayette, KY, South
Lima, OH, Midwest
Lincoln, NE, Midwest
Little Rock-North Little Rock-Conway, AR, South
Logan, UT, West
Longview, TX, South
Longview, WA, West
Los Angeles-Long Beach-Anaheim, CA, West
Louisville/Jefferson County, KY, South
Lubbock, TX, South
Lynchburg, VA, South
Macon-Bibb County, GA, South
Madera, CA, West
Madison, WI, Midwest
Manchester-Nashua, NH, Northeast
Manhattan, KS, Midwest
Mankato, MN, Midwest
Mansfield, OH, Midwest
McAllen-Edinburg-Mission, TX, South
Medford, OR, West
Memphis, TN, South
Merced, CA, West
Miami-Fort Lauderdale-Pompano Beach, FL, South
Michigan City-La Porte, IN, Midwest
Midland, MI, Midwest
Midland, TX, South
Milwaukee-Waukesha, WI, Midwest
Minneapolis-St. Paul-Bloomington, MN, Midwest
Missoula, MT, West
Mobile, AL, South
Modesto, CA, West
Monroe, LA, South
Monroe, MI, Midwest
Montgomery, AL, South
Morgantown, WV, South
Morristown, TN, South
Mount Vernon-Anacortes, WA, West
Muncie, IN, Midwest
Muskegon, MI, Midwest
Myrtle Beach-Conway-North Myrtle Beach, SC, South
Napa, CA, West
Naples-Marco Island, FL, South
Nashville-Davidson--Murfreesboro--Franklin, TN, South
New Bern, NC, South
New Haven-Milford, CT, Northeast
New Orleans-Metairie, LA, South
New York-Newark-Jersey City, NY, Northeast
Niles, MI, Midwest
North Port-Sarasota-Bradenton, FL, South
Norwich-New London, CT, Northeast
Ocala, FL, South
Ocean City, NJ, Northeast
Odessa, TX, South
Ogden-Clearfield, UT, West
Oklahoma City, OK, South
Olympia-Lacey-Tumwater, WA, West
Omaha-Council Bluffs, NE, Midwest
Orlando-Kissimmee-Sanford, FL, South
Oshkosh-Neenah, WI, Midwest
Owensboro, KY, South
Oxnard-Thousand Oaks-Ventura, CA, West
Palm Bay-Melbourne-Titusville, FL, South
Panama City, FL, South
Parkersburg-Vienna, WV, South
Pensacola-Ferry Pass-Brent, FL, South
Peoria, IL, Midwest
Philadelphia-Camden-Wilmington, PArea, Northeast
Phoenix-Mesa-Chandler, AZ, West
Pine Bluff, AR, South
Pittsburgh, PA, Northeast
Pittsfield, MA, Northeast
Pocatello, ID, West
Portland-South Portland, ME, Northeast
Portland-Vancouver-Hillsboro, OR, West
Port St. Lucie, FL, South
Poughkeepsie-Newburgh-Middletown, NY, Northeast
Prescott Valley-Prescott, AZ, West
Providence-Warwick, RI, Northeast
Provo-Orem, UT, West
Pueblo, CO, West
Punta Gorda, FL, South
Racine, WI, Midwest
Raleigh-Cary, NC, South
Rapid City, SD, Midwest
Reading, PA, Northeast
Redding, CA, West
Reno, NV, West
Richmond, VA, South
Riverside-San Bernardino-Ontario, CA, West
Roanoke, VA, South
Rochester, MN, Midwest
Rochester, NY, Northeast
Rockford, IL, Midwest
Rocky Mount, NC, South
Rome, GA, South
Sacramento-Roseville-Folsom, CA, West
Saginaw, MI, Midwest
St. Cloud, MN, Midwest
St. George, UT, West
St. Joseph, MO, Midwest
St. Louis, MO, Midwest
Salem, OR, West
Salinas, CA, West
Salisbury, MD, South
Salt Lake City, UT, West
San Angelo, TX, South
San Antonio-New Braunfels, TX, South
San Diego-Chula Vista-Carlsbad, CA, West
San Francisco-Oakland-Berkeley, CA, West
San Jose-Sunnyvale-Santa Clara, CA, West
San Luis Obispo-Paso Robles, CA, West
Santa Cruz-Watsonville, CA, West
Santa Fe, NM, West
Santa Maria-Santa Barbara, CA, West
Santa Rosa-Petaluma, CA, West
Savannah, GA, South
Scranton--Wilkes-Barre, PA, Northeast
Seattle-Tacoma-Bellevue, WA, West
Sebastian-Vero Beach, FL, South
Sebring-Avon Park, FL, South
Sheboygan, WI, Midwest
Sherman-Denison, TX, South
Shreveport-Bossier City, LA, South
Sierra Vista-Douglas, AZ, West
Sioux City, IA, Midwest
Sioux Falls, SD, Midwest
South Bend-Mishawaka, IN, Midwest
Spartanburg, SC, South
Spokane-Spokane Valley, WA, West
Springfield, IL, Midwest
Springfield, MA, Northeast
Springfield, MO, Midwest
Springfield, OH, Midwest
State College, PA, Northeast
Staunton, VA, South
Stockton, CA, West
Sumter, SC, South
Syracuse, NY, Northeast
Tallahassee, FL, South
Tampa-St. Petersburg-Clearwater, FL, South
Terre Haute, IN, Midwest
Texarkana, TX, South
The Villages, FL, South
Toledo, OH, Midwest
Topeka, KS, Midwest
Trenton-Princeton, NJ, Northeast
Tucson, AZ, West
Tulsa, OK, South
Tuscaloosa, AL, South
Twin Falls, ID, West
Tyler, TX, South
Urban Honolulu, HI, West
Utica-Rome, NY, Northeast
Valdosta, GA, South
Vallejo, CA, West
Victoria, TX, South
Vineland-Bridgeton, NJ, Northeast
Virginia Beach-Norfolk-Newport News, VA, South
Visalia, CA, West
Waco, TX, South
Walla Walla, WA, West
Warner Robins, GA, South
Washington-Arlington-Alexandria, DCrea,
Waterloo-Cedar Falls, IA, Midwest
Watertown-Fort Drum, NY, Northeast
Wausau-Weston, WI, Midwest
Weirton-Steubenville, WV, South
Wenatchee, WA, West
Wheeling, WV, South
Wichita, KS, Midwest
Wichita Falls, TX, South
Williamsport, PA, Northeast
Wilmington, NC, South
Winchester, VA, South
Winston-Salem, NC, South
Worcester, MA, Northeast
Yakima, WA, West
York-Hanover, PA, Northeast
Youngstown-Warren-Boardman, OH, Midwest
Yuba City, CA, West
Yuma, AZ, West
Aberdeen, SD, Midwest
Aberdeen, WA, West
Ada, OK, South
Adrian, MI, Midwest
Alamogordo, NM, West
Albemarle, NC, South
Albert Lea, MN, Midwest
Albertville, AL, South
Alexander City, AL, South
Alexandria, MN, Midwest
Alice, TX, South
Alma, MI, Midwest
Alpena, MI, Midwest
Altus, OK, South
Americus, GA, South
Amsterdam, NY, Northeast
Andrews, TX, South
Angola, IN, Midwest
Arcadia, FL, South
Ardmore, OK, South
Arkadelphia, AR, South
Ashland, OH, Midwest
Ashtabula, OH, Midwest
Astoria, OR, West
Atchison, KS, Midwest
Athens, OH, Midwest
Athens, TN, South
Athens, TX, South
Atmore, AL, South
Auburn, IN, Midwest
Auburn, NY, Northeast
Augusta-Waterville, ME, Northeast
Austin, MN, Midwest
Bainbridge, GA, South
Baraboo, WI, Midwest
Bardstown, KY, South
Barre, VT, Northeast
Bartlesville, OK, South
Batavia, NY, Northeast
Batesville, AR, South
Bay City, TX, South
Beatrice, NE, Midwest
Beaver Dam, WI, Midwest
Bedford, IN, Midwest
Beeville, TX, South
Bellefontaine, OH, Midwest
Bemidji, MN, Midwest
Bennettsville, SC, South
Bennington, VT, Northeast
Berlin, NH, Northeast
Big Rapids, MI, Midwest
Big Spring, TX, South
Big Stone Gap, VA, South
Blackfoot, ID, West
Bluefield, WV, South
Blytheville, AR, South
Bogalusa, LA, South
Bonham, TX, South
Boone, NC, South
Borger, TX, South
Bozeman, MT, West
Bradford, PA, Northeast
Brainerd, MN, Midwest
Branson, MO, Midwest
Breckenridge, CO, West
Brenham, TX, South
Brevard, NC, South
Brookhaven, MS, South
Brookings, OR, West
Brookings, SD, Midwest
Brownsville, TN, South
Brownwood, TX, South
Bucyrus-Galion, OH, Midwest
Burley, ID, West
Burlington, IA, Midwest
Butte-Silver Bow, MT, West
Cadillac, MI, Midwest
Calhoun, GA, South
Cambridge, MD, South
Cambridge, OH, Midwest
Camden, AR, South
Campbellsville, KY, South
on City, CO, West
Carlsbad-Artesia, NM, West
Carroll, IA, Midwest
Cedar City, UT, West
Cedartown, GA, South
Celina, OH, Midwest
Central City, KY, South
Centralia, IL, Midwest
Centralia, WA, West
Charleston-Mattoon, IL, Midwest
Chillicothe, OH, Midwest
Clarksburg, WV, South
Clarksdale, MS, South
Clearlake, CA, West
Cleveland, MS, South
Clewiston, FL, South
Clinton, IA, Midwest
Clovis, NM, West
Coffeyville, KS, Midwest
Coldwater, MI, Midwest
Columbus, MS, South
Columbus, NE, Midwest
Concord, NH, Northeast
Connersville, IN, Midwest
Cookeville, TN, South
Coos Bay, OR, West
Cordele, GA, South
Corinth, MS, South
Cornelia, GA, South
Corning, NY, Northeast
Corsicana, TX, South
Cortland, NY, Northeast
Coshocton, OH, Midwest
Craig, CO, West
Crawfordsville, IN, Midwest
Crescent City, CA, West
Crossville, TN, South
Cullman, AL, South
Cullowhee, NC, South
Danville, KY, South
Danville, VA, South
Dayton, TN, South
Decatur, IN, Midwest
Defiance, OH, Midwest
Del Rio, TX, South
Deming, NM, West
DeRidder, LA, South
Dickinson, ND, Midwest
Dixon, IL, Midwest
Dodge City, KS, Midwest
Douglas, GA, South
Dublin, GA, South
DuBois, PA, Northeast
Dumas, TX, South
Duncan, OK, South
Durango, CO, West
Durant, OK, South
Dyersburg, TN, South
Eagle Pass, TX, South
Easton, MD, South
Edwards, CO, West
Effingham, IL, Midwest
El Campo, TX, South
El Dorado, AR, South
Elizabeth City, NC, South
Elk City, OK, South
Elkins, WV, South
Elko, NV, West
Ellensburg, WA, West
Emporia, KS, Midwest
Enterprise, AL, South
Escanaba, MI, Midwest
ola, NM, West
Eufaula, AL, South
Eureka-Arcata, CA, West
Evanston, WY, West
Fairfield, IA, Midwest
Fairmont, MN, Midwest
Fairmont, WV, South
Fallon, NV, West
Faribault-Northfield, MN, Midwest
Farmington, MO, Midwest
Fergus Falls, MN, Midwest
Fernley, NV, West
Findlay, OH, Midwest
Fitzgerald, GA, South
Forest City, NC, South
Forrest City, AR, South
Fort Dodge, IA, Midwest
Fort Leonard Wood, MO, Midwest
Fort Madison-Keokuk, IA, Midwest
Fort Morgan, CO, West
Fort Payne, AL, South
Fort Polk South, LA, South
Frankfort, IN, Midwest
Frankfort, KY, South
Fredericksburg, TX, South
Freeport, IL, Midwest
Fremont, NE, Midwest
Fremont, OH, Midwest
Gaffney, SC, South
Gainesville, TX, South
Galesburg, IL, Midwest
Gallup, NM, West
Garden City, KS, Midwest
Gardnerville Ranchos, NV, West
Georgetown, SC, South
Gillette, WY, West
Glasgow, KY, South
Glenwood Springs, CO, West
Gloversville, NY, Northeast
Granbury, TX, South
Grand Rapids, MN, Midwest
Grants, NM, West
Great Bend, KS, Midwest
Greeneville, TN, South
Greensburg, IN, Midwest
Greenville, MS, South
Greenville, OH, Midwest
Greenwood, MS, South
Greenwood, SC, South
Grenada, MS, South
Guymon, OK, South
Hailey, ID, West
Hannibal, MO, Midwest
Harrison, AR, South
Hastings, NE, Midwest
Hays, KS, Midwest
Heber, UT, West
Helena, MT, West
Helena-West Helena, AR, South
Henderson, NC, South
Hereford, TX, South
Hermiston-Pendleton, OR, West
Hillsdale, MI, Midwest
Hilo, HI, West
Hobbs, NM, West
Holland, MI, Midwest
Hood River, OR, West
Hope, AR, South
Houghton, MI, Midwest
Hudson, NY, Northeast
Huntingdon, PA, Northeast
Huntington, IN, Midwest
Huntsville, TX, South
Huron, SD, Midwest
Hutchinson, KS, Midwest
Hutchinson, MN, Midwest
Indiana, PA, Northeast
Indianola, MS, South
Iron Mountain, MI, Midwest
Jackson, OH, Midwest
Jackson, WY, West
Jacksonville, IL, Midwest
Jacksonville, TX, South
Jamestown, ND, Midwest
Jamestown-Dunkirk-Fredonia, NY, Northeast
Jasper, AL, South
Jasper, IN, Midwest
Jefferson, GA, South
Jennings, LA, South
Jesup, GA, South
Juneau, AK, West
Kalispell, MT, West
Kapaa, HI, West
Kearney, NE, Midwest
Keene, NH, Northeast
Kendallville, IN, Midwest
Kennett, MO, Midwest
Kerrville, TX, South
Ketchikan, AK, West
Key West, FL, South
Kill Devil Hills, NC, South
Kingsville, TX, South
Kinston, NC, South
Kirksville, MO, Midwest
Klamath Falls, OR, West
Laconia, NH, Northeast
La Grande, OR, West
LaGrange, GA, South
Lake City, FL, South
Lamesa, TX, South
Laramie, WY, West
Las Vegas, NM, West
Laurel, MS, South
Laurinburg, NC, South
Lawrenceburg, TN, South
Lebanon, MO, Midwest
Lebanon, NH, Northeast
Levelland, TX, South
Lewisburg, PA, Northeast
Lewisburg, TN, South
Lewistown, PA, Northeast
Lexington, NE, Midwest
Liberal, KS, Midwest
Lincoln, IL, Midwest
Lock Haven, PA, Northeast
Logansport, IN, Midwest
London, KY, South
Los Alamos, NM, West
Ludington, MI, Midwest
Lufkin, TX, South
Lumberton, NC, South
Macomb, IL, Midwest
Madison, IN, Midwest
Madisonville, KY, South
Magnolia, AR, South
Malone, NY, Northeast
Malvern, AR, South
Manitowoc, WI, Midwest
Marietta, OH, Midwest
Marinette, WI, Midwest
Marion, IN, Midwest
Marion, NC, South
Marion, OH, Midwest
Marquette, MI, Midwest
Marshall, MN, Midwest
Marshall, MO, Midwest
Marshalltown, IA, Midwest
Martin, TN, South
Martinsville, VA, South
Maryville, MO, Midwest
Mason City, IA, Midwest
Mayfield, KY, South
Maysville, KY, South
McAlester, OK, South
McComb, MS, South
McMinnville, TN, South
McPherson, KS, Midwest
Meadville, PA, Northeast
Menomonie, WI, Midwest
Meridian, MS, South
Mexico, MO, Midwest
Miami, OK, South
Middlesborough, KY, South
Milledgeville, GA, South
Minden, LA, South
Mineral Wells, TX, South
Minot, ND, Midwest
Mitchell, SD, Midwest
Moberly, MO, Midwest
Montrose, CO, West
Morehead City, NC, South
Morgan City, LA, South
Moscow, ID, West
Moses Lake, WA, West
Moultrie, GA, South
Mountain Home, AR, South
Mountain Home, ID, West
Mount Airy, NC, South
Mount Gay-Shamrock, WV, South
Mount Pleasant, MI, Midwest
Mount Pleasant, TX, South
Mount Sterling, KY, South
Mount Vernon, IL, Midwest
Mount Vernon, OH, Midwest
Murray, KY, South
Muscatine, IA, Midwest
Muskogee, OK, South
Nacogdoches, TX, South
Natchez, MS, South
Natchitoches, LA, South
Newberry, SC, South
New Castle, IN, Midwest
New Castle, PA, Northeast
New Philadelphia-Dover, OH, Midwest
Newport, OR, West
Newport, TN, South
New Ulm, MN, Midwest
Nogales, AZ, West
Norfolk, NE, Midwest
North Platte, NE, Midwest
North Vernon, IN, Midwest
North Wilkesboro, NC, South
Norwalk, OH, Midwest
Oak Harbor, WA, West
Ogdensburg-Massena, NY, Northeast
Oil City, PA, Northeast
Okeechobee, FL, South
Olean, NY, Northeast
Oneonta, NY, Northeast
Ontario, OR, West
Opelousas, LA, South
Orangeburg, SC, South
Oskaloosa, IA, Midwest
Othello, WA, West
Ottawa, IL, Midwest
Ottawa, KS, Midwest
Ottumwa, IA, Midwest
Owatonna, MN, Midwest
Oxford, MS, South
Ozark, AL, South
Paducah, KY, South
Pahrump, NV, West
Palatka, FL, South
Palestine, TX, South
Pampa, TX, South
Paragould, AR, South
Paris, TN, South
Paris, TX, South
Parsons, KS, Midwest
Payson, AZ, West
Pearsall, TX, South
Pecos, TX, South
Pella, IA, Midwest
Peru, IN, Midwest
Picayune, MS, South
Pierre, SD, Midwest
Pinehurst-Southern Pines, NC, South
Pittsburg, KS, Midwest
Plainview, TX, South
Platteville, WI, Midwest
Plattsburgh, NY, Northeast
Plymouth, IN, Midwest
Point Pleasant, WV, South
Ponca City, OK, South
Pontiac, IL, Midwest
Poplar Bluff, MO, Midwest
Portales, NM, West
Port Angeles, WA, West
Port Lavaca, TX, South
Portsmouth, OH, Midwest
Pottsville, PA, Northeast
Price, UT, West
Prineville, OR, West
Pullman, WA, West
Quincy, IL, Midwest
Raymondville, TX, South
Red Bluff, CA, West
Red Wing, MN, Midwest
Rexburg, ID, West
Richmond, IN, Midwest
Richmond-Berea, KY, South
Rio Grande City-Roma, TX, South
Riverton, WY, West
Roanoke Rapids, NC, South
Rochelle, IL, Midwest
Rockingham, NC, South
Rockport, TX, South
Rock Springs, WY, West
Rolla, MO, Midwest
Roseburg, OR, West
Roswell, NM, West
Ruidoso, NM, West
Russellville, AR, South
Ruston, LA, South
Rutland, VT, Northeast
Safford, AZ, West
St. Marys, GA, South
St. Marys, PA, Northeast
Salem, OH, Midwest
Salina, KS, Midwest
Sandpoint, ID, West
Sandusky, OH, Midwest
Sanford, NC, South
Sault Ste. Marie, MI, Midwest
Sayre, PA, Northeast
Scottsbluff, NE, Midwest
Scottsboro, AL, South
Scottsburg, IN, Midwest
Searcy, AR, South
Sedalia, MO, Midwest
Selinsgrove, PA, Northeast
Selma, AL, South
Seneca, SC, South
Seneca Falls, NY, Northeast
Sevierville, TN, South
Seymour, IN, Midwest
Shawano, WI, Midwest
Shawnee, OK, South
Shelby, NC, South
Shelbyville, TN, South
Shelton, WA, West
Sheridan, WY, West
Show Low, AZ, West
Sidney, OH, Midwest
Sikeston, MO, Midwest
Silver City, NM, West
Snyder, TX, South
Somerset, KY, South
Somerset, PA, Northeast
Sonora, CA, West
Spearfish, SD, Midwest
Spencer, IA, Midwest
Spirit Lake, IA, Midwest
Starkville, MS, South
Statesboro, GA, South
Steamboat Springs, CO, West
Stephenville, TX, South
Sterling, CO, West
Sterling, IL, Midwest
Stevens Point, WI, Midwest
Stillwater, OK, South
Storm Lake, IA, Midwest
Sturgis, MI, Midwest
Sulphur Springs, TX, South
Summerville, GA, South
Sunbury, PA, Northeast
Susanville, CA, West
Sweetwater, TX, South
Tahlequah, OK, South
Talladega-Sylacauga, AL, South
Taos, NM, West
Taylorville, IL, Midwest
The Dalles, OR, West
Thomaston, GA, South
Thomasville, GA, South
Tiffin, OH, Midwest
Tifton, GA, South
Toccoa, GA, South
Torrington, CT, Northeast
Traverse City, MI, Midwest
Troy, AL, South
Truckee-Grass Valley, CA, West
Tullahoma-Manchester, TN, South
Tupelo, MS, South
Ukiah, CA, West
Union, SC, South
Union City, TN, South
Urbana, OH, Midwest
Uvalde, TX, South
Van Wert, OH, Midwest
Vermillion, SD, Midwest
Vernal, UT, West
Vernon, TX, South
Vicksburg, MS, South
Vidalia, GA, South
Vincennes, IN, Midwest
Vineyard Haven, MA, Northeast
Wabash, IN, Midwest
Wahpeton, ND, Midwest
Wapakoneta, OH, Midwest
Warren, PA, Northeast
Warrensburg, MO, Midwest
Warsaw, IN, Midwest
Washington, IN, Midwest
Washington, NC, South
Washington Court House, OH, Midwest
Watertown, SD, Midwest
Watertown-Fort Atkinson, WI, Midwest
Wauchula, FL, South
Waycross, GA, South
Weatherford, OK, South
West Plains, MO, Midwest
West Point, MS, South
Whitewater, WI, Midwest
Williston, ND, Midwest
Willmar, MN, Midwest
Wilmington, OH, Midwest
Wilson, NC, South
Winfield, KS, Midwest
Winnemucca, NV, West
Winona, MN, Midwest
Wisconsin Rapids-Marshfield, WI, Midwest
Woodward, OK, South
Wooster, OH, Midwest
Worthington, MN, Midwest
Yankton, SD, Midwest
Zanesville, OH, Midwest
Zapata, TX, South
